{"mu": 0.1551841293166789, "sigma": 0.9298409568342259, "optimal_day": 252, "expected_val": 147640.58854840355, "prob_gain": 0.9947, "paths_final_p5": 114759.85894677594, "paths_final_p50": 146154.64556627622, "paths_final_p95": 185860.43552036688}